stamp,doc_type,n_sentences,n_directional,tone_finbert,tone_direction,tone_finbert_aug,chair
2018-02-21 14:00:00,minutes,377.0,12.0,-0.1501811993523286,0.5,-0.11482186522087778,Powell
2018-02-27 08:30:00,speech,55.0,3.0,-0.2894893016666174,0.25,-0.22763454253700646,Powell
2018-03-21 14:00:00,statement,18.0,2.0,-0.20427463193320566,0.5,-0.11096728417194551,Powell
2018-03-21 14:30:00,speech,360.0,10.0,-0.05220133816926843,0.45,-0.02939384622602827,Powell
2018-04-06 13:30:00,speech,141.0,6.0,0.10464278492310368,0.375,0.13765383860532274,Powell
2018-04-11 14:00:00,minutes,233.0,21.0,-0.10592847548489151,0.47619047619047616,-0.013686925468590638,Powell
2018-05-02 14:00:00,statement,17.0,1.0,-0.2493802334236748,0.5,-0.20169339011258938,Powell
2018-05-08 03:15:00,speech,108.0,1.0,-0.04648551662211065,0.5,-0.05026773984233538,Powell
2018-05-23 14:00:00,minutes,264.0,14.0,-0.08255703642145928,0.38571428571428573,-0.05821170464694274,Powell
2018-05-25 09:20:00,speech,87.0,0.0,-0.12604435558976798,,-0.12604435558976798,Powell
2018-06-13 14:00:00,statement,13.0,2.0,-0.31969807698176456,0.5,-0.15503944685825935,Powell
2018-06-13 14:30:00,speech,476.0,17.0,-0.0312263095759231,0.5117647058823529,-0.0036556246643494653,Powell
2018-06-20 09:30:00,speech,56.0,2.0,0.020777048243741904,0.5,0.07035075177970741,Powell
2018-07-05 14:00:00,minutes,216.0,17.0,-0.07657340931257715,0.45588235294117646,-0.007732677618386569,Powell
2018-07-17 10:00:00,speech,81.0,3.0,-0.23602278183363837,0.5833333333333334,-0.20676823054658777,Powell
2018-08-01 14:00:00,statement,14.0,1.0,-0.2617549624826227,0.5,-0.16079062489526613,Powell
2018-08-22 14:00:00,minutes,279.0,16.0,-0.04352062905881567,0.3875,-0.0016322246655875203,Powell
2018-08-24 10:00:00,speech,183.0,6.0,0.0545644183322543,0.3333333333333333,0.0732802940949879,Powell
2018-09-26 14:00:00,statement,13.0,2.0,-0.2366670427414087,0.5,-0.06772142075575315,Powell
2018-09-26 14:30:00,speech,498.0,19.0,-0.033616521665040984,0.42105263157894735,-0.008204262295969758,Powell
2018-09-27 16:30:00,speech,28.0,1.0,-0.38111902474026593,0.5,-0.33415368964363423,Powell
2018-10-02 12:45:00,speech,162.0,0.0,0.10928470466607883,,0.10928470466607883,Powell
2018-10-17 14:00:00,minutes,225.0,16.0,-0.007078534017006556,0.46875,0.05127890926268366,Powell
2018-11-08 14:00:00,statement,13.0,1.0,-0.18697599894725359,0.5,-0.0782451738531773,Powell
2018-11-28 12:00:00,speech,144.0,3.0,-0.0030240592313930392,0.5,0.008241451875720587,Powell
2018-11-29 14:00:00,minutes,266.0,18.0,-0.0459133100282765,0.4444444444444444,0.0029447922427067183,Powell
2018-12-19 14:00:00,statement,13.0,2.0,-0.21695787001114625,0.5,-0.04400939494371414,Powell
2018-12-19 14:30:00,speech,381.0,6.0,-0.06087318893394914,0.0,-0.06247652745915679,Powell
2019-01-09 14:00:00,minutes,261.0,11.0,0.0625944151132728,0.25,0.08500459440537796,Powell
2019-01-30 14:00:00,statement,13.0,0.0,-0.120568603850328,,-0.120568603850328,Powell
2019-01-30 14:30:00,speech,393.0,3.0,-0.03217160071864838,0.16666666666666666,-0.03344513634670023,Powell
2019-02-20 14:00:00,minutes,425.0,9.0,0.08962891864864266,0.1388888888888889,0.09697792258771026,Powell
2019-02-26 09:45:00,speech,73.0,1.0,-0.05526886398151313,0.75,-0.042747823215306624,Powell
2019-03-08 22:00:00,speech,175.0,6.0,-0.11463494546711445,-0.3333333333333333,-0.13853849551507405,Powell
2019-03-11 19:00:00,speech,22.0,0.0,-0.15052521279589695,,-0.15052521279589695,Powell
2019-03-20 14:00:00,statement,13.0,0.0,0.2480511934711383,,0.2480511934711383,Powell
2019-03-20 14:30:00,speech,379.0,1.0,-0.002334096220796215,-0.5,-0.0037104314768141365,Powell
2019-04-10 14:00:00,minutes,294.0,7.0,0.1323003697709567,0.07142857142857142,0.13681580833330445,Powell
2019-05-01 14:00:00,statement,13.0,0.0,0.09043100361640637,,0.09043100361640637,Powell
2019-05-01 14:30:00,speech,341.0,5.0,-0.07926434841651546,-0.31,-0.08154477301733759,Powell
2019-05-22 14:00:00,minutes,298.0,11.0,-0.017448852688774167,-0.22272727272727275,-0.030711855641847488,Powell
2019-06-04 09:55:00,speech,119.0,3.0,-0.012229729960320377,-0.16666666666666666,-0.024458492065177244,Powell
2019-06-19 14:00:00,statement,13.0,1.0,0.07236783177806781,-0.75,-0.019287541795235414,Powell
2019-06-19 14:30:00,speech,371.0,1.0,-0.028646194097407745,-0.5,-0.02793328816477822,Powell
2019-06-25 13:00:00,speech,64.0,2.0,-0.16278944505029358,-0.5,-0.20341190198087133,Powell
2019-07-10 08:30:00,speech,70.0,0.0,0.016556599070983273,,0.016556599070983273,Powell
2019-07-10 14:00:00,minutes,259.0,14.0,0.17944175644299468,-0.3964285714285714,0.13630898044692735,Powell
2019-07-16 13:00:00,speech,86.0,2.0,-0.018123985484762246,-0.5,-0.023083562702806884,Powell
2019-07-31 14:00:00,statement,14.0,1.0,0.04325407903109278,-0.5,-0.03069352943982397,Powell
2019-07-31 14:30:00,speech,400.0,9.0,-0.032327269641682504,-0.5,-0.049913516575470565,Powell
2019-08-21 14:00:00,minutes,325.0,14.0,0.017499149831441733,-0.5178571428571429,-0.021921417323442605,Powell
2019-08-23 10:00:00,speech,158.0,8.0,0.006552749419514137,-0.125,-0.020857023193111904,Powell
2019-09-18 14:00:00,statement,13.0,1.0,0.10458978122243515,-0.5,0.024564222934154365,Powell
2019-09-18 14:30:00,speech,429.0,8.0,-0.029002207750346,-0.375,-0.03427651583592653,Powell
2019-10-04 14:00:00,speech,37.0,0.0,-0.16735518275684602,,-0.16735518275684602,Powell
2019-10-08 14:30:00,speech,171.0,1.0,-0.013445934509499031,-1.0,-0.023484631043951414,Powell
2019-10-09 11:00:00,speech,33.0,0.0,-0.21161342327567664,,-0.21161342327567664,Powell
2019-10-09 14:00:00,minutes,329.0,20.0,0.15523090073131138,-0.39249999999999996,0.11762110345903501,Powell
2019-10-30 14:00:00,statement,14.0,1.0,0.13412210159003735,-0.5,0.06099944694765976,Powell
2019-10-30 14:30:00,speech,406.0,9.0,-0.05784322389773107,-0.2777777777777778,-0.07024132137833705,Powell
2019-11-20 14:00:00,minutes,389.0,19.0,0.06288163418998909,-0.3973684210526316,0.02673451041941624,Powell
2019-12-11 14:00:00,statement,12.0,0.0,0.06984871532768011,,0.06984871532768011,Powell
2019-12-11 14:30:00,speech,433.0,5.0,-0.049025983267891766,0.1,-0.049419093588861804,Powell
2020-01-03 14:00:00,minutes,288.0,9.0,0.061259916006949626,-0.08333333333333333,0.03905228376000499,Powell
2020-01-29 14:00:00,statement,12.0,0.0,0.0661054840311408,,0.0661054840311408,Powell
2020-01-29 14:30:00,speech,460.0,5.0,-0.07454040250538484,-0.3,-0.0814279228043945,Powell
2020-02-11 08:30:00,speech,64.0,2.0,-0.044673925411188975,-0.5,-0.08483900237479247,Powell
2020-02-19 14:00:00,minutes,395.0,6.0,-0.01140648083690601,-0.10000000000000002,-0.02214005517903008,Powell
2020-03-03 10:00:00,statement,5.0,1.0,0.051156193017959595,-1.0,-0.2938036978244781,Powell
2020-03-03 14:30:00,speech,130.0,2.0,-0.1065309565514326,-0.5,-0.1133356551424815,Powell
2020-03-15 14:30:00,speech,356.0,4.0,-0.049527428353602965,-0.5,-0.05429883121272151,Powell
2020-03-15 17:00:00,statement,26.0,2.0,-0.004464549299042959,-0.5,-0.06553473130155069,Powell
2020-03-23 08:00:00,statement,19.0,0.0,-0.2982261444589025,,-0.2982261444589025,Powell
2020-04-08 14:00:00,minutes,331.0,17.0,0.22789147537865667,-0.7352941176470589,0.17002810746026184,Powell
2020-04-09 10:00:00,speech,39.0,1.0,-0.19295304120542148,-0.5,-0.20074499899951312,Powell
2020-04-29 14:00:00,statement,15.0,0.0,0.08813231562574704,,0.08813231562574704,Powell
2020-04-29 14:30:00,speech,390.0,4.0,-0.026262445494723625,-0.25,-0.03287913118704007,Powell
2020-05-20 14:00:00,minutes,312.0,7.0,0.20944266948992243,0.0,0.2137241005921402,Powell
2020-06-10 14:00:00,statement,15.0,0.0,-0.048321463416020075,,-0.048321463416020075,Powell
2020-06-10 14:30:00,speech,477.0,4.0,-0.014750033261672256,-0.25,-0.019946653696569755,Powell
2020-06-16 10:00:00,speech,69.0,1.0,-0.053160148038380386,-0.5,-0.07400412900724272,Powell
2020-07-01 14:00:00,minutes,310.0,4.0,0.05191253313133794,-0.25,0.05411104546679604,Powell
2020-07-29 14:00:00,statement,16.0,0.0,-0.04696301626972854,,-0.04696301626972854,Powell
2020-07-29 14:30:00,speech,510.0,2.0,-0.0030524387188694056,-0.5,-0.006015150990410179,Powell
2020-08-19 14:00:00,minutes,300.0,9.0,0.07883286543811362,0.060000000000000005,0.0781651162199676,Powell
2020-08-27 09:10:00,speech,190.0,4.0,-0.007564575950566091,-0.5,-0.022774441951983852,Powell
2020-09-16 14:00:00,statement,17.0,0.0,-0.07619125746628817,,-0.07619125746628817,Powell
2020-09-16 14:30:00,speech,516.0,6.0,-0.06218431591482241,-0.3333333333333333,-0.06838730897739992,Powell
2020-10-07 14:00:00,minutes,360.0,3.0,-0.0746882645930681,-0.16666666666666666,-0.07592858435172174,Powell
2020-11-05 14:00:00,statement,17.0,0.0,-0.06293711066246033,,-0.06293711066246033,Powell
2020-11-05 14:30:00,speech,384.0,1.0,-0.08426305474616431,-0.5,-0.08640558382709666,Powell
2020-11-25 14:00:00,minutes,313.0,8.0,0.015855288960206243,0.375,0.031426350327250295,Powell
2020-12-16 14:00:00,statement,17.0,0.0,-0.11043763467494179,,-0.11043763467494179,Powell
2020-12-16 14:30:00,speech,532.0,0.0,-0.05811753810236329,,-0.05811753810236329,Powell
2021-01-06 14:00:00,minutes,266.0,5.0,-0.048899120917277675,0.1,-0.04305334874477826,Powell
2021-01-27 14:00:00,statement,17.0,0.0,-0.1446567524005385,,-0.1446567524005385,Powell
2021-01-27 14:30:00,speech,470.0,1.0,-0.05489779402442435,0.5,-0.053368462392307345,Powell
2021-02-10 14:00:00,speech,80.0,3.0,0.10652055756654591,-0.16666666666666666,0.07629200329538435,Powell
2021-02-17 14:00:00,minutes,406.0,3.0,-0.04650136782085808,-0.16666666666666666,-0.04964301839305703,Powell
2021-02-23 10:00:00,speech,58.0,1.0,-0.13011169520303092,-0.5,-0.12281520905551212,Powell
2021-03-17 14:00:00,statement,17.0,0.0,-0.20502242577426574,,-0.20502242577426574,Powell
2021-03-17 14:30:00,speech,566.0,2.0,-0.030944482795235966,0.5,-0.029309553926804042,Powell
2021-04-07 14:00:00,minutes,289.0,6.0,-0.16707391349218503,0.2383333333333333,-0.16213583080542748,Powell
2021-04-28 14:00:00,statement,18.0,0.0,-0.3563380071686374,,-0.3563380071686374,Powell
2021-04-28 14:30:00,speech,498.0,5.0,-0.037404582244774186,0.5,-0.03200902041406876,Powell
2021-05-03 14:20:00,speech,58.0,0.0,-0.1518008805297572,,-0.1518008805297572,Powell
2021-05-19 14:00:00,minutes,299.0,5.0,-0.0695876702541691,0.5,-0.06259765973109066,Powell
2021-06-16 14:00:00,statement,18.0,0.0,-0.43769704923033714,,-0.43769704923033714,Powell
2021-06-16 14:30:00,speech,537.0,4.0,-0.05688187612473854,-0.25,-0.05853609215586101,Powell
2021-07-07 14:00:00,minutes,320.0,7.0,-0.14221400297246872,0.06999999999999999,-0.14133863887470216,Powell
2021-07-14 08:30:00,speech,44.0,0.0,-0.3796990485015241,,-0.3796990485015241,Powell
2021-07-28 14:00:00,statement,18.0,0.0,-0.5242515773408942,,-0.5242515773408942,Powell
2021-07-28 14:30:00,speech,510.0,3.0,-0.021946818830774113,0.5,-0.01982120619904177,Powell
2021-08-18 14:00:00,minutes,328.0,6.0,-0.03437779418465386,0.3416666666666666,-0.02905381826070569,Powell
2021-08-27 10:00:00,speech,133.0,0.0,-0.003701467235061459,,-0.003701467235061459,Powell
2021-09-22 14:00:00,statement,19.0,0.0,-0.4859460313853465,,-0.4859460313853465,Powell
2021-09-22 14:30:00,speech,480.0,1.0,-0.042758597534460326,-0.5,-0.043545823241584,Powell
2021-10-13 14:00:00,minutes,295.0,6.0,-0.03713712196607711,0.3333333333333333,-0.01948272719095319,Powell
2021-11-03 14:00:00,statement,22.0,0.0,-0.3298478766598485,,-0.3298478766598485,Powell
2021-11-03 14:30:00,speech,494.0,4.0,-0.0064036919309301416,0.25,-0.001732044532774431,Powell
2021-11-08 10:30:00,speech,28.0,0.0,0.2659346886378314,,0.2659346886378314,Powell
2021-11-24 14:00:00,minutes,272.0,8.0,-0.0595228248686694,0.375,-0.03045720887808677,Powell
2021-12-15 14:00:00,statement,20.0,0.0,-0.11114439610391855,,-0.11114439610391855,Powell
2021-12-15 14:30:00,speech,537.0,11.0,-0.009263617144394632,0.5454545454545454,0.005254921779119769,Powell
2022-01-05 14:00:00,minutes,313.0,11.0,-0.06800583908899714,0.1290909090909091,-0.061830297445479666,Powell
2022-01-26 14:00:00,statement,19.0,1.0,-0.05450131293190153,0.5,-0.0035619584745482393,Powell
2022-01-26 14:30:00,speech,527.0,9.0,-0.030376288902007425,0.5555555555555556,-0.018108381000851093,Powell
2022-02-16 14:00:00,minutes,428.0,14.0,-0.04202032259395607,0.2857142857142857,-0.015466835380262025,Powell
2022-03-02 08:30:00,speech,44.0,2.0,0.007596600462089886,0.5,0.04179374297911471,Powell
2022-03-16 14:00:00,statement,15.0,2.0,0.07774963999787966,0.75,0.2596366785466671,Powell
2022-03-16 14:30:00,speech,505.0,13.0,-0.049697142415265044,0.46153846153846156,-0.034018662678870826,Powell
2022-03-21 12:30:00,speech,110.0,3.0,0.06111032133075324,0.6666666666666666,0.1001246586103331,Powell
2022-04-06 14:00:00,minutes,276.0,16.0,-0.011464466340839863,0.71875,0.07304290302799664,Powell
2022-05-04 14:00:00,statement,17.0,1.0,0.23989405702142155,0.5,0.32046978263293996,Powell
2022-05-04 14:30:00,speech,465.0,7.0,0.012931127846240998,0.42857142857142855,0.020107346020078146,Powell
2022-05-25 14:00:00,minutes,273.0,17.0,-0.0328438936122062,0.6323529411764706,0.05038236499842488,Powell
2022-06-15 14:00:00,statement,17.0,2.0,0.07853756012285457,0.75,0.24240727240548415,Powell
2022-06-15 14:30:00,speech,468.0,13.0,-0.014003751114902332,0.46153846153846156,0.014383354821266273,Powell
2022-06-22 09:30:00,speech,47.0,2.0,-0.15944803644843558,0.75,-0.0886733011600185,Powell
2022-07-06 14:00:00,minutes,262.0,20.0,0.09549277114418854,0.6,0.14855303493762062,Powell
2022-07-27 14:00:00,statement,14.0,1.0,0.17800045811704227,0.5,0.2768513469823769,Powell
2022-07-27 14:30:00,speech,549.0,7.0,0.04781714390847961,0.35714285714285715,0.05611106079879246,Powell
2022-08-17 14:00:00,minutes,286.0,19.0,0.12401445831295911,0.39473684210526316,0.16320271275520742,Powell
2022-08-26 10:00:00,speech,61.0,2.0,0.006291358136251325,0.75,0.05134757516569779,Powell
2022-09-21 14:00:00,statement,14.0,1.0,0.09043509353484426,0.5,0.1881053378539426,Powell
2022-09-21 14:30:00,speech,343.0,17.0,0.02669074227789053,0.38235294117647056,0.05560730528032119,Powell
2022-10-12 14:00:00,minutes,249.0,23.0,0.010269324448573062,0.5434782608695652,0.10241090142762804,Powell
2022-11-02 14:00:00,statement,16.0,3.0,0.0546551306033507,0.5,0.22709217062219977,Powell
2022-11-02 14:30:00,speech,400.0,13.0,0.040232692980207506,0.5384615384615384,0.06763205230701715,Powell
2022-11-23 14:00:00,minutes,265.0,29.0,0.03335319522697971,0.5,0.11451996011694647,Powell
2022-11-30 13:30:00,speech,133.0,2.0,0.14346716299484996,0.75,0.1659385662637931,Powell
2022-12-14 14:00:00,statement,16.0,3.0,0.049039180972613394,0.5,0.22672503581270576,Powell
2022-12-14 14:30:00,speech,439.0,8.0,0.007725137576528725,0.375,0.020062474491486244,Powell
2023-01-04 14:00:00,minutes,256.0,23.0,0.10833964584890055,0.22826086956521738,0.1500325701199472,Powell
2023-02-01 14:00:00,statement,15.0,3.0,-0.1516777406136195,0.5,0.03684837271769841,Powell
2023-02-01 14:30:00,speech,433.0,6.0,-0.016746988489914162,0.625,-0.0016309141114732686,Powell
2023-02-22 14:00:00,minutes,271.0,23.0,0.09165053407067082,0.5,0.14721252793288098,Powell
2023-03-07 10:00:00,speech,48.0,5.0,0.05558701581321657,0.6,0.13676751009188592,Powell
2023-03-22 14:00:00,statement,17.0,2.0,-0.181828070212813,0.5,-0.09946784683886696,Powell
2023-03-22 14:30:00,speech,357.0,4.0,-0.031665531125347486,0.25,-0.029009081887639537,Powell
2023-04-12 14:00:00,minutes,248.0,20.0,0.038775023343341965,0.35,0.07552587571403672,Powell
2023-05-03 14:00:00,statement,16.0,1.0,-0.08297405019402504,0.5,-0.030438998714089394,Powell
2023-05-03 14:30:00,speech,476.0,12.0,0.022806593428264146,0.3541666666666667,0.03486238225918858,Powell
2023-05-24 14:00:00,minutes,275.0,11.0,0.09715387832034718,0.5227272727272727,0.11746279077096419,Powell
2023-06-14 14:00:00,statement,16.0,0.0,-0.09456134145148098,,-0.09456134145148098,Powell
2023-06-14 14:30:00,speech,464.0,8.0,-0.00982888050152567,0.125,-0.007355169336921696,Powell
2023-06-21 08:30:00,speech,44.0,2.0,-0.07586853214624253,0.5,-0.05550551558421417,Powell
2023-06-29 02:30:00,speech,76.0,5.0,-0.08052051572227165,0.5,-0.054857047323725726,Powell
2023-07-05 14:00:00,minutes,240.0,10.0,-0.017217723769135773,0.325,0.009672546021950742,Powell
2023-07-26 14:00:00,statement,16.0,1.0,-0.11396095412783325,0.5,-0.058331263018772006,Powell
2023-07-26 14:30:00,speech,458.0,9.0,-0.016030746837467868,0.4444444444444444,-0.005742141696335707,Powell
2023-08-16 14:00:00,minutes,230.0,11.0,-0.03944898932038442,0.5227272727272727,0.012902941676261633,Powell
2023-08-25 10:05:00,speech,94.0,4.0,0.1705564613196444,0.75,0.191338791571399,Powell
2023-09-20 14:00:00,statement,16.0,0.0,-0.041311826556921005,,-0.041311826556921005,Powell
2023-09-20 14:30:00,speech,480.0,7.0,-0.03670296034930895,0.21428571428571427,-0.0325972487218678,Powell
2023-10-11 14:00:00,minutes,226.0,11.0,-0.01608372117862501,0.4318181818181818,0.03041912212275562,Powell
2023-11-01 14:00:00,statement,16.0,0.0,-0.04699825495481491,,-0.04699825495481491,Powell
2023-11-01 14:30:00,speech,461.0,3.0,-0.016181210241807773,0.5,-0.014923728949949953,Powell
2023-11-09 14:00:00,speech,61.0,0.0,0.13275373565246823,,0.13275373565246823,Powell
2023-11-21 14:00:00,minutes,242.0,10.0,-0.009223085851216119,0.225,-0.0015479272677878704,Powell
2023-12-13 14:00:00,statement,17.0,0.0,0.03324533998966217,,0.03324533998966217,Powell
2023-12-13 14:30:00,speech,406.0,7.0,0.0005219319348998845,-0.21428571428571427,-0.008452853509064379,Powell
2024-01-03 14:00:00,minutes,228.0,11.0,0.15533710249062432,0.00454545454545455,0.1379439583946869,Powell
2024-01-31 14:00:00,statement,15.0,0.0,-0.11798479979236921,,-0.11798479979236921,Powell
2024-01-31 14:30:00,speech,501.0,3.0,-0.01492538954876735,-0.16666666666666666,-0.014116330919954592,Powell
2024-02-21 14:00:00,minutes,248.0,8.0,0.022346294064435265,0.125,0.020439425693644632,Powell
2024-03-06 08:30:00,speech,40.0,1.0,-0.17242231401614844,0.5,-0.13809564295224847,Powell
2024-03-20 14:00:00,statement,15.0,0.0,-0.14390326365828515,,-0.14390326365828515,Powell
2024-03-20 14:30:00,speech,404.0,2.0,-0.00875056197055348,0.0,-0.006657137171282332,Powell
2024-04-10 14:00:00,minutes,252.0,13.0,-0.05771271712220614,0.34615384615384615,-0.013840280288446045,Powell
2024-05-01 14:00:00,statement,18.0,0.0,-0.058405023689071335,,-0.058405023689071335,Powell
2024-05-01 14:30:00,speech,464.0,4.0,0.002153364817033811,0.25,0.0028273475974605515,Powell
2024-05-22 14:00:00,minutes,245.0,6.0,-0.098314835594929,-0.041666666666666664,-0.10278090050786125,Powell
2024-06-12 14:00:00,statement,16.0,0.0,-0.17078794003464282,,-0.17078794003464282,Powell
2024-06-12 14:30:00,speech,488.0,6.0,-0.03640917073324567,0.0,-0.03478148719295859,Powell
2024-07-03 14:00:00,minutes,225.0,5.0,-0.013521400541067123,-0.15,-0.028016226407554416,Powell
2024-07-09 10:00:00,speech,43.0,0.0,-0.1221194681386615,,-0.1221194681386615,Powell
2024-07-31 14:00:00,statement,17.0,0.0,-0.1885544438572491,,-0.1885544438572491,Powell
2024-07-31 14:30:00,speech,459.0,2.0,-0.01394994975694644,-0.5,-0.01663983569425695,Powell
2024-08-21 14:00:00,minutes,235.0,4.0,0.08829615646378791,-0.25,0.08588363430760008,Powell
2024-08-23 10:00:00,speech,156.0,1.0,0.007126845837308046,1.0,0.018811113404062312,Powell
2024-09-18 14:00:00,statement,15.0,2.0,-0.08109283099571864,-0.875,-0.2585478847225507,Powell
2024-09-18 14:30:00,speech,474.0,4.0,-0.012678632009695854,-0.5,-0.016488705985719644,Powell
2024-09-30 13:55:00,speech,49.0,2.0,-0.119435223617724,-1.0,-0.1691784012530531,Powell
2024-10-09 14:00:00,minutes,218.0,19.0,0.1106370094087009,-0.27631578947368424,0.05914381641142685,Powell
2024-11-07 14:00:00,statement,14.0,1.0,-0.15938264397638185,-0.75,-0.2258231815482889,Powell
2024-11-07 14:30:00,speech,411.0,4.0,-0.046715725041073894,-0.25,-0.05049745622487544,Powell
2024-11-14 15:00:00,speech,47.0,1.0,-0.1549184021163494,-0.75,-0.16928894976352124,Powell
2024-11-26 14:00:00,minutes,235.0,14.0,-0.029494526934750537,-0.1285714285714286,-0.028099712028782416,Powell
2024-12-18 14:00:00,statement,15.0,1.0,-0.14053648387392362,-0.75,-0.2029572663207849,Powell
2024-12-18 14:30:00,speech,505.0,8.0,-0.01760740186465849,-0.6875,-0.03535997858732053,Powell
2025-01-08 14:00:00,minutes,224.0,13.0,-0.017391148705168495,-0.34615384615384615,-0.0359368798090145,Powell
2025-01-29 14:00:00,statement,14.0,0.0,-0.15438056950058257,,-0.15438056950058257,Powell
2025-01-29 14:30:00,speech,464.0,4.0,-0.04021401311559924,-0.625,-0.04788469825068425,Powell
2025-02-11 10:00:00,speech,46.0,1.0,-0.18621147760068593,-1.0,-0.22762437921989223,Powell
2025-02-19 14:00:00,minutes,263.0,8.0,-0.04799041984170788,0.0,-0.04178948835699957,Powell
2025-03-07 12:30:00,speech,48.0,0.0,-0.18769051355775446,,-0.18769051355775446,Powell
2025-03-19 14:00:00,statement,17.0,0.0,-0.052808970432071126,,-0.052808970432071126,Powell
2025-03-19 14:30:00,speech,501.0,1.0,0.003971478379444924,-0.5,0.002750275782987981,Powell
2025-04-04 11:25:00,speech,47.0,0.0,-0.11665371868838655,,-0.11665371868838655,Powell
2025-04-09 14:00:00,minutes,237.0,3.0,0.06898664680745782,-0.16666666666666666,0.06340406471195352,Powell
2025-04-16 13:30:00,speech,42.0,0.0,-0.06762606539719161,,-0.06762606539719161,Powell
2025-05-07 14:00:00,statement,15.0,0.0,-0.12568141172329586,,-0.12568141172329586,Powell
2025-05-07 14:30:00,speech,497.0,1.0,0.024939692438668167,-0.5,0.023739563289962306,Powell
2025-05-28 14:00:00,minutes,249.0,4.0,0.031531356686509276,0.0,0.02524263961577272,Powell
2025-06-18 14:00:00,statement,14.0,0.0,-0.23987179143088205,,-0.23987179143088205,Powell
2025-06-18 14:30:00,speech,489.0,3.0,0.010329353750696699,-0.5,0.007825963126765926,Powell
2025-06-24 08:30:00,speech,46.0,0.0,-0.09010358980816344,,-0.09010358980816344,Powell
2025-07-09 14:00:00,minutes,235.0,4.0,-0.008561433867571201,0.25,-0.00040479123275330724,Powell
2025-07-30 14:00:00,statement,16.0,1.0,-0.11430323007516563,-0.75,-0.1875054358970374,Powell
2025-07-30 14:30:00,speech,443.0,2.0,0.015379652864474206,-0.5,0.012566483775090688,Powell
2025-08-20 14:00:00,minutes,238.0,6.0,0.05255228983817481,-0.5416666666666666,0.0310773296172128,Powell
2025-08-22 10:00:00,speech,126.0,5.0,0.0011664324454844944,0.5,0.03737639819109251,Powell
2025-09-17 14:00:00,statement,15.0,2.0,-0.0385435884197553,-0.875,-0.1991017108162244,Powell
2025-09-17 14:30:00,speech,505.0,5.0,0.06100947734447989,-0.5,0.05237371360901559,Powell
2025-09-23 12:35:00,speech,63.0,1.0,-0.005298047400419674,-0.75,-0.013639953253524644,Powell
2025-10-08 14:00:00,minutes,206.0,15.0,0.08484115711078771,-0.45,0.03741809659755056,Powell
2025-10-29 14:00:00,statement,15.0,2.0,-0.04400589813788732,-0.875,-0.19254738837480545,Powell
2025-10-29 14:30:00,speech,481.0,5.0,0.04910294185712035,-0.1,0.04631034017631517,Powell
2025-11-19 14:00:00,minutes,263.0,12.0,-0.005616963185908224,-0.22916666666666666,-0.023676838874533604,Powell
2025-12-10 14:00:00,statement,16.0,2.0,-0.04383575078099966,-0.875,-0.18482550885528326,Powell
2025-12-10 14:30:00,speech,510.0,8.0,0.06045344557759224,-0.3125,0.051716173217431,Powell
2025-12-30 14:00:00,minutes,231.0,12.0,0.04439882586560982,-0.4375,0.01774564895827275,Powell
2026-01-28 14:00:00,statement,14.0,1.0,-0.15230130696935312,-0.75,-0.23488108574279717,Powell
2026-01-28 14:30:00,speech,443.0,4.0,0.027808224635186098,-0.25,0.02705022177194365,Powell
2026-02-18 14:00:00,minutes,8.0,0.0,-0.14639926911331713,,-0.14639926911331713,Powell
2026-03-18 14:00:00,statement,15.0,1.0,-0.06396696567535401,-0.75,-0.13489588101704916,Powell
2026-03-18 14:30:00,speech,432.0,4.0,0.027460098348523455,-0.25,0.023601769008328794,Powell
2026-04-08 14:00:00,minutes,204.0,9.0,0.011130497562607714,-0.2777777777777778,-0.01285415043250895,Powell
2026-04-29 14:00:00,statement,14.0,1.0,-0.06634559163025447,-0.75,-0.1381007241351264,Powell
2026-04-29 14:30:00,speech,549.0,1.0,-0.001327867244789292,0.5,-0.0014784518113607483,Powell
2026-05-20 14:00:00,minutes,230.0,12.0,-0.0942052445495906,-0.08333333333333333,-0.09797063957413901,Powell
2026-06-17 14:00:00,statement,8.0,0.0,-0.47874920070171356,,-0.47874920070171356,Warsh
2026-06-17 14:30:00,speech,376.0,2.0,-0.0700134613372861,0.0,-0.06996983773213752,Warsh
2026-07-08 14:00:00,minutes,174.0,5.0,-0.15597782407127236,0.5,-0.11533410944601243,Warsh
2026-07-14 08:30:00,speech,77.0,0.0,-0.1854104722136414,,-0.1854104722136414,Warsh
2026-07-29 14:00:00,statement,9.0,1.0,-0.41005607032113606,0.75,-0.322571251127455,Warsh
2026-07-29 14:30:00,speech,396.0,3.0,-0.06658450274662388,0.6666666666666666,-0.06162581998723173,Warsh
2026-08-19 14:00:00,minutes,200.0,10.0,-0.14017151686362922,0.404,-0.10682353059314192,Warsh
2026-08-28 10:00:00,speech,198.0,0.0,-0.10657929705286567,,-0.10657929705286567,Warsh
